id,name,tags,companies,current_price,original_price,downloads,vote_info,comment
7133,仙境传说RO：守护永恒的爱,"['MMORPG', '二次元', '冒险', '魔幻', '3D']","[{'type': 'developer', 'name': '心动'}]",0,0,576628,"{'1': 3065, '2': 1119, '3': 2623, '4': 2904, '5': 11860}",游戏 画面 美 挺 喜欢 人物 建模 详情 视频 画面 温馨 ～
7133,仙境传说RO：守护永恒的爱,"['MMORPG', '二次元', '冒险', '魔幻', '3D']","[{'type': 'developer', 'name': '心动'}]",0,0,576628,"{'1': 3065, '2': 1119, '3': 2623, '4': 2904, '5': 11860}","怀念 仙境 传说 神秘 紫罗兰 下载 游戏 看看 念旧 发现 一团糟 怪物 等级 水 节奏 强行 一个 地图 高一 阶怪 乱七八糟 强化 不少 随便 主城 对话 半天 发现 一堆 事物 弄 强化 完 整个 懵 腾讯 会 夸赞 行 实在 太 优秀 看看 地图设计 天呐 能分 清楚 标志 建筑 地图 找 找 半天 人物 箭头 颜色 地图 主色调 真是 天才 二次元 转换 3D 确实 会 变得 不太好 实在 没见 难看 人物 地图 一圈 一圈 不知 感觉 马赛克 游戏 大约 1.2 + 4.2 G 知道 简单 设计 内存 技术部 开 一堆 没用 家伙 主打 2.5 D , 3D . 适合 真的 丢人 开发 3D 钱 转到 精研 2.5 D , 人物 细节 做好 地图 细节 做好 2.5 D 人物画 一点 高清 现在 卖 真不知道 原来 神秘 紫罗兰 开发者 感觉 怕 已经 气死 真 恶心 游戏 玩 6.30 之后 感觉 没意思 玩 真 * * * 垃圾 紫罗兰 份 写个 差评 骂骂 听说 听 玩家 建议 滚 去死吧"
7133,仙境传说RO：守护永恒的爱,"['MMORPG', '二次元', '冒险', '魔幻', '3D']","[{'type': 'developer', 'name': '心动'}]",0,0,576628,"{'1': 3065, '2': 1119, '3': 2623, '4': 2904, '5': 11860}",鬼 游戏 进都 进不去
7133,仙境传说RO：守护永恒的爱,"['MMORPG', '二次元', '冒险', '魔幻', '3D']","[{'type': 'developer', 'name': '心动'}]",0,0,576628,"{'1': 3065, '2': 1119, '3': 2623, '4': 2904, '5': 11860}",好玩 喵 时长 知道 喵 适可而止 游戏 喵
7133,仙境传说RO：守护永恒的爱,"['MMORPG', '二次元', '冒险', '魔幻', '3D']","[{'type': 'developer', 'name': '心动'}]",0,0,576628,"{'1': 3065, '2': 1119, '3': 2623, '4': 2904, '5': 11860}",好玩
7133,仙境传说RO：守护永恒的爱,"['MMORPG', '二次元', '冒险', '魔幻', '3D']","[{'type': 'developer', 'name': '心动'}]",0,0,576628,"{'1': 3065, '2': 1119, '3': 2623, '4': 2904, '5': 11860}",遥远 重逢 接 不了 没 提示 没 攻略 没 指引 搜索引擎 找 不到 神秘 练级 难度 巨大 高级 赢 低级 没 经验 恶心 战斗 时 长 本来 少 正常 速度 走 放 几个 技能 不见 十分钟 算 玩家 佛系 游戏 体验 不要 让玩家 看看 美工 希望 官方 解答 一下 疑难
7133,仙境传说RO：守护永恒的爱,"['MMORPG', '二次元', '冒险', '魔幻', '3D']","[{'type': 'developer', 'name': '心动'}]",0,0,576628,"{'1': 3065, '2': 1119, '3': 2623, '4': 2904, '5': 11860}",不错
7133,仙境传说RO：守护永恒的爱,"['MMORPG', '二次元', '冒险', '魔幻', '3D']","[{'type': 'developer', 'name': '心动'}]",0,0,576628,"{'1': 3065, '2': 1119, '3': 2623, '4': 2904, '5': 11860}",一分 不想 任务 玩法 刷到 头晕 国产 游戏 真是 辣鸡 极点 玩 单机 碰 手游
7133,仙境传说RO：守护永恒的爱,"['MMORPG', '二次元', '冒险', '魔幻', '3D']","[{'type': 'developer', 'name': '心动'}]",0,0,576628,"{'1': 3065, '2': 1119, '3': 2623, '4': 2904, '5': 11860}",噢 噢 噢
7133,仙境传说RO：守护永恒的爱,"['MMORPG', '二次元', '冒险', '魔幻', '3D']","[{'type': 'developer', 'name': '心动'}]",0,0,576628,"{'1': 3065, '2': 1119, '3': 2623, '4': 2904, '5': 11860}",会 一直 卡 之前 玩 没有 问题 下载 回来 一直 卡 网络
81134,航海王：燃烧意志,"['动漫', '回合制', '海贼王', '动作', '日系', '二次元', '多人联机', '3D', '日漫', 'MMORPG']","[{'type': 'developer', 'name': '云畅游戏'}]",0,0,35295,"{'1': 2427, '2': 799, '3': 1076, '4': 812, '5': 2398}",太 好玩
81134,航海王：燃烧意志,"['动漫', '回合制', '海贼王', '动作', '日系', '二次元', '多人联机', '3D', '日漫', 'MMORPG']","[{'type': 'developer', 'name': '云畅游戏'}]",0,0,35295,"{'1': 2427, '2': 799, '3': 1076, '4': 812, '5': 2398}",卸载 几次 闪退 倍速 一开 鹰眼 奥义变 紫色 闪退
81134,航海王：燃烧意志,"['动漫', '回合制', '海贼王', '动作', '日系', '二次元', '多人联机', '3D', '日漫', 'MMORPG']","[{'type': 'developer', 'name': '云畅游戏'}]",0,0,35295,"{'1': 2427, '2': 799, '3': 1076, '4': 812, '5': 2398}",TMsB 游戏   肝 氪 抽到 新 角色 以后   一个 新 角色   版本 无限 快   抽到 角色 概率 极低   真是 老 六   只能 不断 开 小号
81134,航海王：燃烧意志,"['动漫', '回合制', '海贼王', '动作', '日系', '二次元', '多人联机', '3D', '日漫', 'MMORPG']","[{'type': 'developer', 'name': '云畅游戏'}]",0,0,35295,"{'1': 2427, '2': 799, '3': 1076, '4': 812, '5': 2398}",容易 闪退 游戏 体验 感 非常 不好
81134,航海王：燃烧意志,"['动漫', '回合制', '海贼王', '动作', '日系', '二次元', '多人联机', '3D', '日漫', 'MMORPG']","[{'type': 'developer', 'name': '云畅游戏'}]",0,0,35295,"{'1': 2427, '2': 799, '3': 1076, '4': 812, '5': 2398}",游戏 加倍 速 一直 闪退 一直 闪退 几天 网 问题 我换 好几个 一直 闪退 真的 受不了 搞 心态
81134,航海王：燃烧意志,"['动漫', '回合制', '海贼王', '动作', '日系', '二次元', '多人联机', '3D', '日漫', 'MMORPG']","[{'type': 'developer', 'name': '云畅游戏'}]",0,0,35295,"{'1': 2427, '2': 799, '3': 1076, '4': 812, '5': 2398}",充完 闪退 安排
81134,航海王：燃烧意志,"['动漫', '回合制', '海贼王', '动作', '日系', '二次元', '多人联机', '3D', '日漫', 'MMORPG']","[{'type': 'developer', 'name': '云畅游戏'}]",0,0,35295,"{'1': 2427, '2': 799, '3': 1076, '4': 812, '5': 2398}",总是 闪退 鬼
81134,航海王：燃烧意志,"['动漫', '回合制', '海贼王', '动作', '日系', '二次元', '多人联机', '3D', '日漫', 'MMORPG']","[{'type': 'developer', 'name': '云畅游戏'}]",0,0,35295,"{'1': 2427, '2': 799, '3': 1076, '4': 812, '5': 2398}",游戏 玩 一半 经常 闪退 不能 修复 一下
81134,航海王：燃烧意志,"['动漫', '回合制', '海贼王', '动作', '日系', '二次元', '多人联机', '3D', '日漫', 'MMORPG']","[{'type': 'developer', 'name': '云畅游戏'}]",0,0,35295,"{'1': 2427, '2': 799, '3': 1076, '4': 812, '5': 2398}",一起 玩
81134,航海王：燃烧意志,"['动漫', '回合制', '海贼王', '动作', '日系', '二次元', '多人联机', '3D', '日漫', 'MMORPG']","[{'type': 'developer', 'name': '云畅游戏'}]",0,0,35295,"{'1': 2427, '2': 799, '3': 1076, '4': 812, '5': 2398}",主要 喜欢 海贼王 IP 材料 游戏 游戏 体验
131584,星战前夜：无烬星河,"['太空', '沙盒', '科幻', '策略', '多人联机', '硬核', '高画质', 'MMORPG']","[{'type': 'developer', 'name': '网易游戏'}]",0,0,5338,"{'1': 4800, '2': 1091, '3': 1397, '4': 1301, '5': 4040}",最无语 技能 系统 TM 十几天 升 进阶 技能 没有 欧米 伽 失去 技能 加成 鬼 玩个 屁 亏 首充 六元 点 技能 吃 加成 挣钱 现在 搞 弄 心态 意思 这种 低 等级 玩家 只能 充钱 开 玩笑
131584,星战前夜：无烬星河,"['太空', '沙盒', '科幻', '策略', '多人联机', '硬核', '高画质', 'MMORPG']","[{'type': 'developer', 'name': '网易游戏'}]",0,0,5338,"{'1': 4800, '2': 1091, '3': 1397, '4': 1301, '5': 4040}",不行 肝 要死 封 脚本 建议 不要 碰 网易 游戏 肝 氪
131584,星战前夜：无烬星河,"['太空', '沙盒', '科幻', '策略', '多人联机', '硬核', '高画质', 'MMORPG']","[{'type': 'developer', 'name': '网易游戏'}]",0,0,5338,"{'1': 4800, '2': 1091, '3': 1397, '4': 1301, '5': 4040}",推荐 入坑 特别 新人 有钱 充个 几十万 无视 忠告
131584,星战前夜：无烬星河,"['太空', '沙盒', '科幻', '策略', '多人联机', '硬核', '高画质', 'MMORPG']","[{'type': 'developer', 'name': '网易游戏'}]",0,0,5338,"{'1': 4800, '2': 1091, '3': 1397, '4': 1301, '5': 4040}",退钱
131584,星战前夜：无烬星河,"['太空', '沙盒', '科幻', '策略', '多人联机', '硬核', '高画质', 'MMORPG']","[{'type': 'developer', 'name': '网易游戏'}]",0,0,5338,"{'1': 4800, '2': 1091, '3': 1397, '4': 1301, '5': 4040}",面向 EVE 国服 手 游玩 家招 新 : 倾向 PVP PVE 懂 萌新 尽可能 满足 需求 地点 位于 险恶 系 军团 （ 紫轩 居 ） 隶属于 EF 东部 联邦 现在 已有 主权 亮灯 拥有 块 主权 星系 基础设施 完善 紫轩 居 团员 幽默 和谐 喜欢 PVP PVE 军团 联盟 带队 吃 肉 新人 会 新人 教官 耐心 讲解 基础 工业体系 完整 矿工 现挖 现收 购船价 军团 给予 优惠 入团 得到 福利 补贴 t6 巡洋舰 相应 工业 舰船 人员 做 要求 军团 采用 贡献 制度 出勤 集结 数量 进行 考察 考察 优秀 会 奖励 势力 船只 厌倦 勾心斗角 紫轩 居 或许 一个 好去处 补损 制度 体系 完善 日常 多重 活动 军团 福利 体验 无烬 星河 游戏 玩法 犹豫 快 加入 紫轩 居 紫轩 居 背景 : 紫轩 居 成立 相对 游戏 中后期 阶段 当初 一个 没有 联盟 后背 支撑 现在 150 短短 月 人数 达到 这种 规模 一个 小团 逐渐 走向 强大 紫轩 当时 真正 00 时间 一个月 相比 于开 服下 00 一个 没有 势力 支撑 小团 困难 00 安稳 发育 盟友 利益 背刺 当时 弱小 只能 被迫 转移 本来 发育 没想到 会 导致 紫轩 灭国 到达 那天 海盗 进行 24 小时 不间断 骚扰 每天 战列 突脸 巡洋舰 战列 巡洋舰 紫轩 原本 80 面对 强势 压迫 这种 不停 骚扰 人员 数量 急剧 减少 最后 剩下 15 16 左右 快 一度 解散 没有 斗志 变得 消沉 越加 坚定 越加 团结 制定 战术 战略 布局 所有人 团结一心 终于 经历 多次 失败 终于 站 起来 守门 方 对面 船只 已经 星门 显露 那一刻 舰队 指挥官 迅速 做出 反应 集火 暴风 后勤 成员 迅速 做出 反应 秒 达到 集火 加锁 狂暴 所有人 开 推子 拉走 位 开 推开 推 跟上 后勤 拉开 走位 60 快 拖 动 起来 指挥官 命令 所有人 迅速 反应 接到 指令 敌军 进行 有效 打击 最终 达到 30 战损 实现 算歼 第一次 胜利 所有人 开心 紫轩 居才 成立 月 15 天 没有 骄傲 结束 所有人 一起 讨论 复盘 总结经验 之后 两场 达到 : 30 战损 最后 一次 达到 : 30 综合 考虑 决定 加入 东部 联邦 现在 情况 段时间 确实 安稳 不少 所有人 铭记 那段 黑暗 时间 懂得 团结 学会 坚强 以后 依旧会 砥砺 前行 已经 重生 困难 无法 阻挡 只会 变得 越来越 强
131584,星战前夜：无烬星河,"['太空', '沙盒', '科幻', '策略', '多人联机', '硬核', '高画质', 'MMORPG']","[{'type': 'developer', 'name': '网易游戏'}]",0,0,5338,"{'1': 4800, '2': 1091, '3': 1397, '4': 1301, '5': 4040}",wdnmd 这肝度 亿个 爽字 游戏 确实 氪 金能 玩 肝 住 感觉 游戏 一天 48 小时 肝 不够 造船 材料 一大堆 贼 贵 搞 确实 花 时间 搞 搞 不了 搞 不了 厉害 船 船 贵 死循环 属于 前期 物价 简直 无语 贵 只能 挖矿 度日 勉强 玩吧 旭日 小心 爆 爆 界面显示 700 多万 价值 一看 赔付 好家伙 船值 一个多亿 800 保险 点 我人 傻 氪 金船 保护 保险 保不起 改分 改分 官方 改了 行星 资源 充值 我无语 好不容易 探 图 重弄 淦 --- 月 19 号 发生 记得
131584,星战前夜：无烬星河,"['太空', '沙盒', '科幻', '策略', '多人联机', '硬核', '高画质', 'MMORPG']","[{'type': 'developer', 'name': '网易游戏'}]",0,0,5338,"{'1': 4800, '2': 1091, '3': 1397, '4': 1301, '5': 4040}",网易 运营 抢劫 很多 脚本 团 管不了 物价 特别 低 导致 现在 00 主权 团 没有 脚本 很难 发展 脚本 不用 脚本 肯定 吃亏 平时 自动 点击 器 辅助 刷 怪防 睡损 随便 处罚 睁一只眼 闭一只眼 随便 罚 isk 联盟 有罚 二十亿 罚 几百亿 没有 处罚 明确规定 封号 先 这种 行为 抢劫 专挑 没有 充 大钱 充值 潜力 罚款 钱 填 反正 玩 端游 宁静 服 手游 卖 卖 退 坑 网易 碰 别碰
131584,星战前夜：无烬星河,"['太空', '沙盒', '科幻', '策略', '多人联机', '硬核', '高画质', 'MMORPG']","[{'type': 'developer', 'name': '网易游戏'}]",0,0,5338,"{'1': 4800, '2': 1091, '3': 1397, '4': 1301, '5': 4040}",一名 从端 游过来 老 玩家 来讲 游戏 游戏 代理商 尤其 最近 网易 举动 感觉 国服 离鬼服 不远 最后 剩 工作室 头铁 死 磕 国际 服不香 游戏性 来讲 手游 难度 端游 简化 很多 可玩性 相对 下降 新手 友好 技能 点数 差距 弥补 不了 不多 讲 转战 国际 服 今后 国内 代理 游戏 不会 碰 一堆 垃圾 游戏 做 引进 游戏 直接 搞 死 真是 搞笑
131584,星战前夜：无烬星河,"['太空', '沙盒', '科幻', '策略', '多人联机', '硬核', '高画质', 'MMORPG']","[{'type': 'developer', 'name': '网易游戏'}]",0,0,5338,"{'1': 4800, '2': 1091, '3': 1397, '4': 1301, '5': 4040}",不行
131584,星战前夜：无烬星河,"['太空', '沙盒', '科幻', '策略', '多人联机', '硬核', '高画质', 'MMORPG']","[{'type': 'developer', 'name': '网易游戏'}]",0,0,5338,"{'1': 4800, '2': 1091, '3': 1397, '4': 1301, '5': 4040}",出现 BUG     回档       500 万 经验 提前 使用       之前 花 多钱 买 技能 点 干嘛
2315,梦幻西游,"['回合制', 'MMORPG', '角色扮演', '仙侠', '放置', '自由交易', 'Q版', '西游']","[{'type': 'developer', 'name': '网易游戏'}]",0,0,14368,"{'1': 759, '2': 235, '3': 405, '4': 627, '5': 2515}",没 啥意思 充钱 收益 不成比例
2315,梦幻西游,"['回合制', 'MMORPG', '角色扮演', '仙侠', '放置', '自由交易', 'Q版', '西游']","[{'type': 'developer', 'name': '网易游戏'}]",0,0,14368,"{'1': 759, '2': 235, '3': 405, '4': 627, '5': 2515}",赶紧 爬
2315,梦幻西游,"['回合制', 'MMORPG', '角色扮演', '仙侠', '放置', '自由交易', 'Q版', '西游']","[{'type': 'developer', 'name': '网易游戏'}]",0,0,14368,"{'1': 759, '2': 235, '3': 405, '4': 627, '5': 2515}",游戏 不错 焚钱 坑
2315,梦幻西游,"['回合制', 'MMORPG', '角色扮演', '仙侠', '放置', '自由交易', 'Q版', '西游']","[{'type': 'developer', 'name': '网易游戏'}]",0,0,14368,"{'1': 759, '2': 235, '3': 405, '4': 627, '5': 2515}",看到 很多 无故 封号 建议 12345 投诉 维护 权益
2315,梦幻西游,"['回合制', 'MMORPG', '角色扮演', '仙侠', '放置', '自由交易', 'Q版', '西游']","[{'type': 'developer', 'name': '网易游戏'}]",0,0,14368,"{'1': 759, '2': 235, '3': 405, '4': 627, '5': 2515}",嘻嘻
2315,梦幻西游,"['回合制', 'MMORPG', '角色扮演', '仙侠', '放置', '自由交易', 'Q版', '西游']","[{'type': 'developer', 'name': '网易游戏'}]",0,0,14368,"{'1': 759, '2': 235, '3': 405, '4': 627, '5': 2515}",算了吧 每天 千里 传音 烦死 关 关不了 本来 同事 推荐 玩新服 开服 前 几天 全 tm 广告 千里 传音 烦死 后面 广告 走 每天 不同 * * * 天天 传音 没 停过 屏蔽 不了
2315,梦幻西游,"['回合制', 'MMORPG', '角色扮演', '仙侠', '放置', '自由交易', 'Q版', '西游']","[{'type': 'developer', 'name': '网易游戏'}]",0,0,14368,"{'1': 759, '2': 235, '3': 405, '4': 627, '5': 2515}",无缘无故 冻结     玩 去查 显示 异地   技术 不行 嫌弃 没 充钱
2315,梦幻西游,"['回合制', 'MMORPG', '角色扮演', '仙侠', '放置', '自由交易', 'Q版', '西游']","[{'type': 'developer', 'name': '网易游戏'}]",0,0,14368,"{'1': 759, '2': 235, '3': 405, '4': 627, '5': 2515}",不充 钱 封号
2315,梦幻西游,"['回合制', 'MMORPG', '角色扮演', '仙侠', '放置', '自由交易', 'Q版', '西游']","[{'type': 'developer', 'name': '网易游戏'}]",0,0,14368,"{'1': 759, '2': 235, '3': 405, '4': 627, '5': 2515}",垃圾 游戏 乱 封号 冻结 账号
2315,梦幻西游,"['回合制', 'MMORPG', '角色扮演', '仙侠', '放置', '自由交易', 'Q版', '西游']","[{'type': 'developer', 'name': '网易游戏'}]",0,0,14368,"{'1': 759, '2': 235, '3': 405, '4': 627, '5': 2515}",游戏 喜欢 误封 建议 玩 没 充过 钱 玩 几天 默认 刷 游戏 物品 封号 单纯 副本 日常 不开 挂 封 平民 不配 玩 游戏 喜欢 封没钱 玩家 氪 金 推荐 入
221667,狩猎使命,"['养成', '角色扮演', '宠物', '生存', '冒险']","[{'type': 'developer', 'name': '怪兽工作室'}]",0,0,0,"{'1': 143, '2': 39, '3': 25, '4': 70, '5': 193}",竞技场 单挑 比较 公平 纯粹 操作 技巧 战力 相差 较大 自动 战斗 轻松 碾压 对手
221667,狩猎使命,"['养成', '角色扮演', '宠物', '生存', '冒险']","[{'type': 'developer', 'name': '怪兽工作室'}]",0,0,0,"{'1': 143, '2': 39, '3': 25, '4': 70, '5': 193}",职业 数量 不太多 真 没 吐 槽 地方 挺 出乎 意料 难度 不高 休闲 性 够 猎影 yyds
221667,狩猎使命,"['养成', '角色扮演', '宠物', '生存', '冒险']","[{'type': 'developer', 'name': '怪兽工作室'}]",0,0,0,"{'1': 143, '2': 39, '3': 25, '4': 70, '5': 193}",画面 中规中矩 玩法 挺 老式 养成 游戏 精髓 不看 氪 钱 主要 游戏 理解 思路 克制 王 ...
221667,狩猎使命,"['养成', '角色扮演', '宠物', '生存', '冒险']","[{'type': 'developer', 'name': '怪兽工作室'}]",0,0,0,"{'1': 143, '2': 39, '3': 25, '4': 70, '5': 193}",成长 速度 很快 不像 养成 游戏 费时费力 一个多月 混 有人 带 程度 刚玩 一个 星期 左右 八十万 战力 ~
221667,狩猎使命,"['养成', '角色扮演', '宠物', '生存', '冒险']","[{'type': 'developer', 'name': '怪兽工作室'}]",0,0,0,"{'1': 143, '2': 39, '3': 25, '4': 70, '5': 193}",关卡 难度 前期 基本上 有手 行 后期 比较 考验 搭配 阵容 策略 手操 能够 更好 避开 boss 大招 一定 操作 空间
221667,狩猎使命,"['养成', '角色扮演', '宠物', '生存', '冒险']","[{'type': 'developer', 'name': '怪兽工作室'}]",0,0,0,"{'1': 143, '2': 39, '3': 25, '4': 70, '5': 193}",开局 选了 猎影 职业 没想到 输出 真的 强 旋刃 风暴 暗袭 飞刀 技能 伤害 高 大招 重影 归多段 伤害 真的 无敌 玩意 身板 太脆 近身 容易 秒
221667,狩猎使命,"['养成', '角色扮演', '宠物', '生存', '冒险']","[{'type': 'developer', 'name': '怪兽工作室'}]",0,0,0,"{'1': 143, '2': 39, '3': 25, '4': 70, '5': 193}",朋友 安利 感觉 游戏 优化 目前 有点 问题 玩久 手机 会 有点 发烫 后期 能够 优化 最好 画面质量 真的 没话说 游戏 有着 丰富 宠物 系统 满足 萌宠 收集 癖好
221667,狩猎使命,"['养成', '角色扮演', '宠物', '生存', '冒险']","[{'type': 'developer', 'name': '怪兽工作室'}]",0,0,0,"{'1': 143, '2': 39, '3': 25, '4': 70, '5': 193}",评论 区 节奏 真的 话 说 游戏 氪 度 挑个 普通 服务器 进去 试试 知道 排行榜 top10 大佬 人均 消费 五百块 钱 玩 挺 滋润
221667,狩猎使命,"['养成', '角色扮演', '宠物', '生存', '冒险']","[{'type': 'developer', 'name': '怪兽工作室'}]",0,0,0,"{'1': 143, '2': 39, '3': 25, '4': 70, '5': 193}",磨时间 很少 翻来覆去 刷刷 刷 任务 需点 一下 左边 任务栏 一键 完成 剩下 不停 刷 就行了 后期 境界 突破 速度 不快 最好 足够 耐心 慢慢 玩
221667,狩猎使命,"['养成', '角色扮演', '宠物', '生存', '冒险']","[{'type': 'developer', 'name': '怪兽工作室'}]",0,0,0,"{'1': 143, '2': 39, '3': 25, '4': 70, '5': 193}",游戏 里 一个 队长 带队 真的 重要 游戏 里 大概 玩 三四天 之后 战斗力 已经 60 几万 速度
57161,猎魂觉醒,"['高自由度', 'MMORPG', '高画质', '开放世界', '打击感', '角色扮演', '3D', '动作', 'ARPG', '冒险', '多人联机', '捏脸', '收集']","[{'type': 'developer', 'name': '网易游戏'}]",0,0,158137,"{'1': 3307, '2': 1307, '3': 3278, '4': 4665, '5': 10954}",lhjxyyds66 wylhjx2022
57161,猎魂觉醒,"['高自由度', 'MMORPG', '高画质', '开放世界', '打击感', '角色扮演', '3D', '动作', 'ARPG', '冒险', '多人联机', '捏脸', '收集']","[{'type': 'developer', 'name': '网易游戏'}]",0,0,158137,"{'1': 3307, '2': 1307, '3': 3278, '4': 4665, '5': 10954}",刚入 坑   进 游戏 闪退 玩 鸟
57161,猎魂觉醒,"['高自由度', 'MMORPG', '高画质', '开放世界', '打击感', '角色扮演', '3D', '动作', 'ARPG', '冒险', '多人联机', '捏脸', '收集']","[{'type': 'developer', 'name': '网易游戏'}]",0,0,158137,"{'1': 3307, '2': 1307, '3': 3278, '4': 4665, '5': 10954}",看看 时 长
57161,猎魂觉醒,"['高自由度', 'MMORPG', '高画质', '开放世界', '打击感', '角色扮演', '3D', '动作', 'ARPG', '冒险', '多人联机', '捏脸', '收集']","[{'type': 'developer', 'name': '网易游戏'}]",0,0,158137,"{'1': 3307, '2': 1307, '3': 3278, '4': 4665, '5': 10954}",个人感觉 游戏 不错 游戏 刷刷 副本 种种 菜 刚刚开始 更新 久 加载 插图 好看 新手 引导 GPS 代跑 地图 很大 游戏 道具 很多 独特 世界 体系 刚刚 打开 游戏 开场 动画 好看 哈奇 挺 可爱 主线 任务 主线 副本 副本 采集 挺 玩 一天 退游 感觉 场景 架构 挺 剧情 不错 一个 天才 游骑兵 没事 喜欢 见义勇为 组队 游戏 真不错 组队 过后 很多 玩家 喜欢 入口处 一动不动 挂机 很多 选择 拒绝接受 进入 副本 感觉 人物 不太好 时装 觉得 毫无 违和感 特别 宣传 阿狸 游戏 背景 反差 真的 萌到 希望 游戏 能够 越来越
57161,猎魂觉醒,"['高自由度', 'MMORPG', '高画质', '开放世界', '打击感', '角色扮演', '3D', '动作', 'ARPG', '冒险', '多人联机', '捏脸', '收集']","[{'type': 'developer', 'name': '网易游戏'}]",0,0,158137,"{'1': 3307, '2': 1307, '3': 3278, '4': 4665, '5': 10954}",肝 伤身 氪 伤神 每天 开着 双倍 慢慢 混 扣个 大佬 666 就行了
57161,猎魂觉醒,"['高自由度', 'MMORPG', '高画质', '开放世界', '打击感', '角色扮演', '3D', '动作', 'ARPG', '冒险', '多人联机', '捏脸', '收集']","[{'type': 'developer', 'name': '网易游戏'}]",0,0,158137,"{'1': 3307, '2': 1307, '3': 3278, '4': 4665, '5': 10954}",游戏 玩 还好 号 卖 真的 花钱 受罪 又费 肝 无聊
57161,猎魂觉醒,"['高自由度', 'MMORPG', '高画质', '开放世界', '打击感', '角色扮演', '3D', '动作', 'ARPG', '冒险', '多人联机', '捏脸', '收集']","[{'type': 'developer', 'name': '网易游戏'}]",0,0,158137,"{'1': 3307, '2': 1307, '3': 3278, '4': 4665, '5': 10954}",慢慢 玩
57161,猎魂觉醒,"['高自由度', 'MMORPG', '高画质', '开放世界', '打击感', '角色扮演', '3D', '动作', 'ARPG', '冒险', '多人联机', '捏脸', '收集']","[{'type': 'developer', 'name': '网易游戏'}]",0,0,158137,"{'1': 3307, '2': 1307, '3': 3278, '4': 4665, '5': 10954}",游戏 非常 好玩 画质 高 离谱 比比 电影 高
57161,猎魂觉醒,"['高自由度', 'MMORPG', '高画质', '开放世界', '打击感', '角色扮演', '3D', '动作', 'ARPG', '冒险', '多人联机', '捏脸', '收集']","[{'type': 'developer', 'name': '网易游戏'}]",0,0,158137,"{'1': 3307, '2': 1307, '3': 3278, '4': 4665, '5': 10954}",游戏 有点 干 还好 越来越 没有 新人 加入
57161,猎魂觉醒,"['高自由度', 'MMORPG', '高画质', '开放世界', '打击感', '角色扮演', '3D', '动作', 'ARPG', '冒险', '多人联机', '捏脸', '收集']","[{'type': 'developer', 'name': '网易游戏'}]",0,0,158137,"{'1': 3307, '2': 1307, '3': 3278, '4': 4665, '5': 10954}",最近 是不是 小朋友 放假 出 编辑 推荐 看到 游戏 直接 划走 玩 不好玩 游戏
130630,天涯明月刀,"['捏脸', '武侠', '高画质', 'MMORPG', '古风', '角色扮演', '高自由度', '3D', '动作', '多人联机', '国风', '开放世界']","[{'type': 'developer', 'name': '腾讯'}]",0,0,23413,"{'1': 6253, '2': 3368, '3': 5563, '4': 5801, '5': 14390}",玩 3a 单机 玩 网游 天刀 算是 挺 一款 氪 金 游戏 省钱 不了 魔兽 魔兽 肝 赛季 追 累 核心 团本 进不去 PvP 顶级 赛要 个人 竞技 素质 钱 买 不来 LOL 公平 竞技 网游 角色 相对 平衡 专业 选手 反应速度 意识 反正 没有 只能 选择 钱 平衡 这方面 差距
130630,天涯明月刀,"['捏脸', '武侠', '高画质', 'MMORPG', '古风', '角色扮演', '高自由度', '3D', '动作', '多人联机', '国风', '开放世界']","[{'type': 'developer', 'name': '腾讯'}]",0,0,23413,"{'1': 6253, '2': 3368, '3': 5563, '4': 5801, '5': 14390}",快 跑
130630,天涯明月刀,"['捏脸', '武侠', '高画质', 'MMORPG', '古风', '角色扮演', '高自由度', '3D', '动作', '多人联机', '国风', '开放世界']","[{'type': 'developer', 'name': '腾讯'}]",0,0,23413,"{'1': 6253, '2': 3368, '3': 5563, '4': 5801, '5': 14390}",画面 美 枉 内存 有点 剧情 有趣 亏来 江湖 一趟 人物 生动 不会 状如 一行 僵 这类 游戏 玩 比较 一梦 江湖 天瑜 新 笑傲江湖 体验 比较 不喜 勿 喷 半夜 贞子 来到 床前
130630,天涯明月刀,"['捏脸', '武侠', '高画质', 'MMORPG', '古风', '角色扮演', '高自由度', '3D', '动作', '多人联机', '国风', '开放世界']","[{'type': 'developer', 'name': '腾讯'}]",0,0,23413,"{'1': 6253, '2': 3368, '3': 5563, '4': 5801, '5': 14390}",外观 没有 上线 欲望 一天天 上线 抽 免费 一下 原本 赶得上 进度 废物 移花 a 半年 回来 变成 街头 站 桩 拓印 崽
130630,天涯明月刀,"['捏脸', '武侠', '高画质', 'MMORPG', '古风', '角色扮演', '高自由度', '3D', '动作', '多人联机', '国风', '开放世界']","[{'type': 'developer', 'name': '腾讯'}]",0,0,23413,"{'1': 6253, '2': 3368, '3': 5563, '4': 5801, '5': 14390}",肝 氪 端游 老 玩家 从端游 跑 手游 情怀 还好 金兰 一起 玩耍
130630,天涯明月刀,"['捏脸', '武侠', '高画质', 'MMORPG', '古风', '角色扮演', '高自由度', '3D', '动作', '多人联机', '国风', '开放世界']","[{'type': 'developer', 'name': '腾讯'}]",0,0,23413,"{'1': 6253, '2': 3368, '3': 5563, '4': 5801, '5': 14390}",游戏 继续 开发 希望 大幅 优化 最好 王者 一份 说 最后 天涯 明月刀 感觉 实话
130630,天涯明月刀,"['捏脸', '武侠', '高画质', 'MMORPG', '古风', '角色扮演', '高自由度', '3D', '动作', '多人联机', '国风', '开放世界']","[{'type': 'developer', 'name': '腾讯'}]",0,0,23413,"{'1': 6253, '2': 3368, '3': 5563, '4': 5801, '5': 14390}",结婚 玩 不能 玩
130630,天涯明月刀,"['捏脸', '武侠', '高画质', 'MMORPG', '古风', '角色扮演', '高自由度', '3D', '动作', '多人联机', '国风', '开放世界']","[{'type': 'developer', 'name': '腾讯'}]",0,0,23413,"{'1': 6253, '2': 3368, '3': 5563, '4': 5801, '5': 14390}",特别 肝 复杂程度 相当 初中生 半年 知识 储备 一处 不肝 落后 开服 死服 了解 排行榜 了解 开服 七天 充值 冲级 了解 楚留香 了解 （ ps : 记得 龙族 幻想 分 评价 开服 10 天后 分 滕讯 出品 不要 抱紧 幻想 ） 开服 死服 合服 副本 特别 慢 月 卡党 基本 没法 玩 游戏 帮派 系统 尤其 恶心 特别 肝 前半年 几乎 每天晚上 固定 上班 - 小时 后面 减负 佛系 找 帮派 随便 玩 月 卡冲 年 现在 脱坑 快 一年 懒得 碰 金兰 里 最后 脱坑 8k 氪 金 - 5w 会 比较 舒服
130630,天涯明月刀,"['捏脸', '武侠', '高画质', 'MMORPG', '古风', '角色扮演', '高自由度', '3D', '动作', '多人联机', '国风', '开放世界']","[{'type': 'developer', 'name': '腾讯'}]",0,0,23413,"{'1': 6253, '2': 3368, '3': 5563, '4': 5801, '5': 14390}",氪 肝   氪 金 活动 屡出 不停   想 下班
130630,天涯明月刀,"['捏脸', '武侠', '高画质', 'MMORPG', '古风', '角色扮演', '高自由度', '3D', '动作', '多人联机', '国风', '开放世界']","[{'type': 'developer', 'name': '腾讯'}]",0,0,23413,"{'1': 6253, '2': 3368, '3': 5563, '4': 5801, '5': 14390}",天涯 上班 刀 天涯 bug 刀 天涯 氪 金刀 玩 下去 准备 a
218732,黑色沙漠,"['美少女', '开放世界', '动作', '高画质', 'MMORPG', '移植', '角色扮演']","[{'type': 'publisher', 'name': '腾讯'}]",0,0,3335,"{'1': 1500, '2': 658, '3': 1008, '4': 900, '5': 2021}",手写 托儿 认可 现在 网上 说 黑色 沙漠 不行 不行 说法 不足 来讲 体验 真的 不错 一个 工作 工作 算 忙碌 黑沙 挂机 觉得 来讲 正合适 ～ 养成 深度 够 画面 打击 感 更 不用说 操作性 pvp 做 不错 确实 当年 玩 魔兽 世界 感觉 很多 相似之处 个人 真的 推荐 尤其 工作 生活 比较 忙碌 玩家 下载 下来 试试看 不能 听 网上 片面 之言 ～
218732,黑色沙漠,"['美少女', '开放世界', '动作', '高画质', 'MMORPG', '移植', '角色扮演']","[{'type': 'publisher', 'name': '腾讯'}]",0,0,3335,"{'1': 1500, '2': 658, '3': 1008, '4': 900, '5': 2021}",某种 猜测 发现 国服 特效 好像 服务器 不太 没有 华丽 简单 猜测 一下 会 不会 以后 国服 会 装备 觉醒 某种 符文 一个 独创 技能 觉醒 增加 伤害 还会 技能 更加 华丽 种种 需要 某种 资源 这种 资源 难得 想 快速 得到 氪 金 改 : 不好意思 土老帽 技能 特效 应该 后期 出 角色 觉醒 . 继承 以后 会 改变 不好意思 水军 洗 有点 脑子 基本 游戏 没进 游戏 准备 忽悠 希望 明白 怎么回事 --------------- 端游 听说 没玩过 之前 看到 说 黑沙 出手 游 期待 发现 腾讯 运营 说 相当 难受 预见 想要 不错 游戏 体验 必然 疯狂 氪 金 最起码 通行证 特权 必 氪 不出所料 并不知道 台服 之前 网上 玩 黑沙 好像 太 下载 台 服玩 不得不 说 玩 台服 看国服 我特 快 恶心 死 明晃晃 吃屎 这特 阉割 成 样 国服 运营 需要 一步步 放 内容 理解 交易所 关键 经济 系统 阉割 成 画风 职业 装备 爆率 阉割 真的 算了 没什么 说 真的 语 新人 不要 玩 推荐 真 恶心 吃屎 不能不 给星 备注 看到 总 有人 说 台服 战力 福利 东西 职业 其实 想 说 问题 开服 时间 增加 职业 战力 东西 会 开放 后期 保证 游戏 热度 福利 会 逐渐 增加 好像 DNF 会 关键问题 经济 系统 明摆着 逼 氪 游戏 本质 一个 挂机 刷刷 刷 养成 游戏 玩家 大部分 产出 挂机 得来 挂机 产出 最多 肯定 银币 国服 直接 根上 砍 银币 不能 自由 交易 挂 一个月 两个 月 二十四 小时 挂 一年 有用吗 产出 黑猪 提升 以后 挂机 爆出 东西 放到 交易所 卖 黑猪 产出 做到 一天 产出 不能 维持 零 氪 玩家 每天 看到 提升 不能 想 提升 好办 氪 完 玩 意思 穷鬼 不配 玩游戏 更 不用说 现在 国服 挂机 收益 氪 体验 游戏 氪 佬 没得说 不能 逼 氪 这种 情况 台服 福利 一致 进度 一致 不能 玩 直接 游戏 内部 砍 产出 限制 收益 所谓 自由 交易 简直 搞笑
218732,黑色沙漠,"['美少女', '开放世界', '动作', '高画质', 'MMORPG', '移植', '角色扮演']","[{'type': 'publisher', 'name': '腾讯'}]",0,0,3335,"{'1': 1500, '2': 658, '3': 1008, '4': 900, '5': 2021}",游戏 游戏 腾讯 发行 游戏 想不开
218732,黑色沙漠,"['美少女', '开放世界', '动作', '高画质', 'MMORPG', '移植', '角色扮演']","[{'type': 'publisher', 'name': '腾讯'}]",0,0,3335,"{'1': 1500, '2': 658, '3': 1008, '4': 900, '5': 2021}",一分 游戏   游戏 没有 行者 职业   腾讯 扣 三分   游戏 游戏   多样 职业 多样 技能 PK 操控性 完全 五分 游戏   说 肝   喜欢   不肝 游戏 会 说 垃圾 天天 上线 半小时 收菜 没事 做   说 氪   真心话 这是 腾讯 为数不多 良心 手游   起码 交易 行 钻石 买   卖 回来 绑 钻 骚 操作   想想 拉 结尔   好多 卖东西 卖 珍珠 赚 钱   游戏 氪 三 五千万 等于 没 氪   妥妥 告诉 不用 氪 只坑 土豪   非 要说 氪 赢 土豪 吐 槽 .... 删 玩 王者 会 氪 金 人物 好看 技能 酷 炫 心里 舒服               最后 说 良心 优秀 游戏 腾讯 两分             游戏 最大 特色 最大 乐趣 职业           职业 平衡性 尤其 重要           偏偏 腾讯 加个 国服 特色 职业 行者       丑 强               游戏 已经 变成 猴子 沙漠         打不赢 猴子 只能 玩 猴子         喜欢 猴子 喜欢 好看 角色         含泪 离开 只能                   腾讯 大厂       做 不好 职业 平衡       就别 自作聪明 加 破坏 职业 平衡 职业           游戏 准备 新入 坑 玩家 建议           职业 选 猴子         越战 吊打       不想 选 猴子       别玩       挺 肝 游戏       付出 时间 发现 遍地 猴子 玩 下去         那种 恶心 感觉               说
218732,黑色沙漠,"['美少女', '开放世界', '动作', '高画质', 'MMORPG', '移植', '角色扮演']","[{'type': 'publisher', 'name': '腾讯'}]",0,0,3335,"{'1': 1500, '2': 658, '3': 1008, '4': 900, '5': 2021}",搜 一下 电脑 不要
218732,黑色沙漠,"['美少女', '开放世界', '动作', '高画质', 'MMORPG', '移植', '角色扮演']","[{'type': 'publisher', 'name': '腾讯'}]",0,0,3335,"{'1': 1500, '2': 658, '3': 1008, '4': 900, '5': 2021}",腾讯 不要 努力 不行
218732,黑色沙漠,"['美少女', '开放世界', '动作', '高画质', 'MMORPG', '移植', '角色扮演']","[{'type': 'publisher', 'name': '腾讯'}]",0,0,3335,"{'1': 1500, '2': 658, '3': 1008, '4': 900, '5': 2021}",太烂 策划 摆烂
218732,黑色沙漠,"['美少女', '开放世界', '动作', '高画质', 'MMORPG', '移植', '角色扮演']","[{'type': 'publisher', 'name': '腾讯'}]",0,0,3335,"{'1': 1500, '2': 658, '3': 1008, '4': 900, '5': 2021}",不好玩
218732,黑色沙漠,"['美少女', '开放世界', '动作', '高画质', 'MMORPG', '移植', '角色扮演']","[{'type': 'publisher', 'name': '腾讯'}]",0,0,3335,"{'1': 1500, '2': 658, '3': 1008, '4': 900, '5': 2021}",最先 是从 渠道 服 下载 玩 可能 一个月 真的 喜欢 款 游戏 建议 别玩 特别 耗时间 活动 时间 堆上去 可能 每天 七八个 小时 玩 爆率 垃圾 一批 运营 福利 垃圾 一批 玩法 挺 画质 没有 唯美 骗 氪 地方 很多 原版 游戏 国服 成
218732,黑色沙漠,"['美少女', '开放世界', '动作', '高画质', 'MMORPG', '移植', '角色扮演']","[{'type': 'publisher', 'name': '腾讯'}]",0,0,3335,"{'1': 1500, '2': 658, '3': 1008, '4': 900, '5': 2021}",玩 开心
178358,妄想山海,"['开放世界', '模拟经营', '经营', '高自由度', '山海经', 'MMORPG', '国风', '养成', '高画质', '建造', '捏脸', '角色扮演']","[{'type': 'publisher', 'name': '腾讯'}, {'type': 'author', 'name': '北京像素软件科技股份有限公司'}]",0,0,11933,"{'1': 4303, '2': 2702, '3': 3357, '4': 3678, '5': 6738}",其实 看好 游戏 本来 新 更新 之后 已经 半个 月 没有 看到 千狩 图 图纸 每天 搞 很多 金钥匙 百年 图   根本 没有 用武之地   六天 出 三张   好歹 一周 出 一张 行   金钥匙 攒 一大堆   秘境 带 宠物 直接 蛟龙 养活   这回   秘境 不能 随便 万年 图 做   无语 极致
178358,妄想山海,"['开放世界', '模拟经营', '经营', '高自由度', '山海经', 'MMORPG', '国风', '养成', '高画质', '建造', '捏脸', '角色扮演']","[{'type': 'publisher', 'name': '腾讯'}, {'type': 'author', 'name': '北京像素软件科技股份有限公司'}]",0,0,11933,"{'1': 4303, '2': 2702, '3': 3357, '4': 3678, '5': 6738}",严重 怀疑 官方 出售 脚本 出售 外挂 举报 系统 纸糊 隔壁 和平 精英 巡查 游戏 纯纯 系统 检测 打击 会 封 封 一天 外挂 满地 飞 愣 游戏 已经 废 新区 氪 几百 上千 基本 没 玩 氪 挂 抢
178358,妄想山海,"['开放世界', '模拟经营', '经营', '高自由度', '山海经', 'MMORPG', '国风', '养成', '高画质', '建造', '捏脸', '角色扮演']","[{'type': 'publisher', 'name': '腾讯'}, {'type': 'author', 'name': '北京像素软件科技股份有限公司'}]",0,0,11933,"{'1': 4303, '2': 2702, '3': 3357, '4': 3678, '5': 6738}",可惜 手游 外挂 占领 好玩
178358,妄想山海,"['开放世界', '模拟经营', '经营', '高自由度', '山海经', 'MMORPG', '国风', '养成', '高画质', '建造', '捏脸', '角色扮演']","[{'type': 'publisher', 'name': '腾讯'}, {'type': 'author', 'name': '北京像素软件科技股份有限公司'}]",0,0,11933,"{'1': 4303, '2': 2702, '3': 3357, '4': 3678, '5': 6738}",说真的 三分 回忆 两分 失望 真 不能 高
178358,妄想山海,"['开放世界', '模拟经营', '经营', '高自由度', '山海经', 'MMORPG', '国风', '养成', '高画质', '建造', '捏脸', '角色扮演']","[{'type': 'publisher', 'name': '腾讯'}, {'type': 'author', 'name': '北京像素软件科技股份有限公司'}]",0,0,11933,"{'1': 4303, '2': 2702, '3': 3357, '4': 3678, '5': 6738}",142 区 开
178358,妄想山海,"['开放世界', '模拟经营', '经营', '高自由度', '山海经', 'MMORPG', '国风', '养成', '高画质', '建造', '捏脸', '角色扮演']","[{'type': 'publisher', 'name': '腾讯'}, {'type': 'author', 'name': '北京像素软件科技股份有限公司'}]",0,0,11933,"{'1': 4303, '2': 2702, '3': 3357, '4': 3678, '5': 6738}",游戏 说实话 挺 游戏 机制 官方 太 垃圾 从出 北山 退游 期间 月 我俩 北山 图谱 第一张 日常 第二张 活动 刷 图腾 北山 万年 爆好 东西 开 七次 羽骏       四次 肥遗     没有 出 一个 履雪羽   荒古兽 魂 不充 钱 游戏 搬 砖 三天两头 暴 鸿蒙 暴 羽毛 暴 图谱 特别 羽骏图 逼 找 氪 金 卖 材料
178358,妄想山海,"['开放世界', '模拟经营', '经营', '高自由度', '山海经', 'MMORPG', '国风', '养成', '高画质', '建造', '捏脸', '角色扮演']","[{'type': 'publisher', 'name': '腾讯'}, {'type': 'author', 'name': '北京像素软件科技股份有限公司'}]",0,0,11933,"{'1': 4303, '2': 2702, '3': 3357, '4': 3678, '5': 6738}",游戏 太 好玩 没长 四个 肝 懂
178358,妄想山海,"['开放世界', '模拟经营', '经营', '高自由度', '山海经', 'MMORPG', '国风', '养成', '高画质', '建造', '捏脸', '角色扮演']","[{'type': 'publisher', 'name': '腾讯'}, {'type': 'author', 'name': '北京像素软件科技股份有限公司'}]",0,0,11933,"{'1': 4303, '2': 2702, '3': 3357, '4': 3678, '5': 6738}",微信 97 区 氪 几千 当时 刚开 服玩 前期 不会 玩 氪 钱 买 装备 蛟龙 慢慢 加好 点 工会 聊天 种地 卖菜 找 商人 买 材料 万年 图 没事干 只能 聊聊天 抢 抢 千年 万年 总体 不错 游戏 聊天 社交 游戏吧 前期 物价 贵 越往后 越 便宜 开黑 妹子 聊天
178358,妄想山海,"['开放世界', '模拟经营', '经营', '高自由度', '山海经', 'MMORPG', '国风', '养成', '高画质', '建造', '捏脸', '角色扮演']","[{'type': 'publisher', 'name': '腾讯'}, {'type': 'author', 'name': '北京像素软件科技股份有限公司'}]",0,0,11933,"{'1': 4303, '2': 2702, '3': 3357, '4': 3678, '5': 6738}",烧 手机 玩 一下 发热 收集 材料 太 耗时间 每次 更新 卡 腾讯 系 游戏 一个 套路 花架子 氪 金 不爽
178358,妄想山海,"['开放世界', '模拟经营', '经营', '高自由度', '山海经', 'MMORPG', '国风', '养成', '高画质', '建造', '捏脸', '角色扮演']","[{'type': 'publisher', 'name': '腾讯'}, {'type': 'author', 'name': '北京像素软件科技股份有限公司'}]",0,0,11933,"{'1': 4303, '2': 2702, '3': 3357, '4': 3678, '5': 6738}",妄想 山海 备战 明天 新区
175213,云上城之歌,"['角色扮演', '策略', '动作', '养成', '卡通', 'MMORPG', '宠物', '冒险']","[{'type': 'publisher', 'name': '大菠萝'}]",0,0,3194,"{'1': 157, '2': 61, '3': 51, '4': 328, '5': 673}",射手 转职 神射手 风语者 神射手 适合 副本 输出 风语者 吸血 风之力 强化 个人 喜好 选择
175213,云上城之歌,"['角色扮演', '策略', '动作', '养成', '卡通', 'MMORPG', '宠物', '冒险']","[{'type': 'publisher', 'name': '大菠萝'}]",0,0,3194,"{'1': 157, '2': 61, '3': 51, '4': 328, '5': 673}",英雄 之路 一定 参与 福利 活动 里面 大量 钻石 完成 45 挑战 领取 苍穹 之翼 橙色 星 SSR 神宠
175213,云上城之歌,"['角色扮演', '策略', '动作', '养成', '卡通', 'MMORPG', '宠物', '冒险']","[{'type': 'publisher', 'name': '大菠萝'}]",0,0,3194,"{'1': 157, '2': 61, '3': 51, '4': 328, '5': 673}",异界 探宝 活动 挺好玩 每天 寻找 藏 起来 宠物 捉迷藏 玩法 趣味性 很足 获得 丰厚 奖励
175213,云上城之歌,"['角色扮演', '策略', '动作', '养成', '卡通', 'MMORPG', '宠物', '冒险']","[{'type': 'publisher', 'name': '大菠萝'}]",0,0,3194,"{'1': 157, '2': 61, '3': 51, '4': 328, '5': 673}",目前 精灵 兽 四种 不灭 之火 精灵 龙 恶魔 之子 极焱剑豪 最高 等级 200 级 玩意 现在 好几个 六星 宠物 没有 精灵 兽 想要 想要 （ 抓狂 中 )
175213,云上城之歌,"['角色扮演', '策略', '动作', '养成', '卡通', 'MMORPG', '宠物', '冒险']","[{'type': 'publisher', 'name': '大菠萝'}]",0,0,3194,"{'1': 157, '2': 61, '3': 51, '4': 328, '5': 673}",装备 秘境 组队 抱 大腿 就行 拉上 一个 一个 80 多级 大佬 就行了 不论是 普通 地狱 难度 前面 副本 基本 躺 相对 应 武器 获得
175213,云上城之歌,"['角色扮演', '策略', '动作', '养成', '卡通', 'MMORPG', '宠物', '冒险']","[{'type': 'publisher', 'name': '大菠萝'}]",0,0,3194,"{'1': 157, '2': 61, '3': 51, '4': 328, '5': 673}",14 岁 以下 根本 不能 玩
175213,云上城之歌,"['角色扮演', '策略', '动作', '养成', '卡通', 'MMORPG', '宠物', '冒险']","[{'type': 'publisher', 'name': '大菠萝'}]",0,0,3194,"{'1': 157, '2': 61, '3': 51, '4': 328, '5': 673}",别玩 骗钱
175213,云上城之歌,"['角色扮演', '策略', '动作', '养成', '卡通', 'MMORPG', '宠物', '冒险']","[{'type': 'publisher', 'name': '大菠萝'}]",0,0,3194,"{'1': 157, '2': 61, '3': 51, '4': 328, '5': 673}",芜湖 最新 活动 中云上 卡牌 机制 目前 没 体验 道 不同 等级 之间 好像 不同 卡牌 机制
175213,云上城之歌,"['角色扮演', '策略', '动作', '养成', '卡通', 'MMORPG', '宠物', '冒险']","[{'type': 'publisher', 'name': '大菠萝'}]",0,0,3194,"{'1': 157, '2': 61, '3': 51, '4': 328, '5': 673}",这辣鸡 游戏 夜游 玩意
175213,云上城之歌,"['角色扮演', '策略', '动作', '养成', '卡通', 'MMORPG', '宠物', '冒险']","[{'type': 'publisher', 'name': '大菠萝'}]",0,0,3194,"{'1': 157, '2': 61, '3': 51, '4': 328, '5': 673}",85 级 之后 回廊 玩法 代替 竞技场 玩法 很多 玩家 包括 不怎么 适应 没 办法 不升 升 85 级 之后 回廊 玩法 机甲 主要 获得 途径
50500,一梦江湖,"['高自由度', '武侠', 'MMORPG', '高画质', '捏脸', '古风', '角色扮演', '3D', '开放世界', '多人联机']","[{'type': 'developer', 'name': '网易游戏'}]",0,0,209140,"{'1': 6858, '2': 3555, '3': 9584, '4': 11891, '5': 21672}",— — — — 剧情 感受 新增 — — — — — — — — npc 哀嚎 新增 — — — — 回来 回来 （ 怨念 ） 手贱 （ 打手 ） 前 三四个 号 个个 暗香 职业 没个 三五 w 炮灰 导致 搓 不动 天天 钓鱼 放不下 暗香 帅 脸 游戏 轻功 美景 游戏 时长 为准 楚留香 时期 玩 没有 tap 少说 三五百 小时 孤 狼 风景 钓鱼 挖草 养老 舒服 方 思明 真的 痛 手 贱 回来 我要 天天 钓鱼 黑皮 猛男 新 : 放不下 放不下 臭男人 全是 臭男人 香帅 天天 赖着 听 小友 现在 清崖 放不下 想赖 可恶 香帅 清崖 喜欢 呜呜 呜呜 呜呜 臭男人 两天 没睡 错 灵犀 直接 通宵 刷 限制 当晚 办 呜呜 呜呜 呜呜 枕雪 姐姐 刷来 材料 洗 装备 石头 全都 呜呜 呜呜 呜呜 臭男人 放不下 新 : 挑出来 一个 江湖 任务 顺手 做 知道 直接 做 五六 完全 知道 前因后果 好像 独立 唯一 意难平 阿水 阿水 阿水 记得 没 吃饭 一起 看画 本子 真的 动心 啊啊啊 阿水 没 活新 : 宋平章 其实 挺 戳 点 私设 主角 性格 放在 一起 两个 笑嘻嘻 人面 兽性 烂 站 一起 他图 海图 我图 好看 我俩 勾肩搭背 门 一关 以后 【 马赛克 】 【 马赛克 】 最后 丢进 海里 喂鱼 啧 有点 可惜 新 : 其实 最意 难平 胡 铁花 胡 铁花 小姐 故事 没能 下去 没能 看到 互相 聊表心意 真的 可惜 新 新 : 方 思明 呜呜 呜呜 呜呜 命中注定 爱人 死 忘不掉 知己 呜呜 呜呜 呜呜 一生 挚友 啊啊啊 啊啊啊 可恶 可恶 钻 进去 这块 小小的 破 玻璃板 困住 呜呜 呜呜 呜呜 快 更 共度 余生 呜呜 呜呜 呜呜 逍遥 一生 和平 安逸 不用 卷进 风波 里 呜呜 呜呜 呜呜
50500,一梦江湖,"['高自由度', '武侠', 'MMORPG', '高画质', '捏脸', '古风', '角色扮演', '3D', '开放世界', '多人联机']","[{'type': 'developer', 'name': '网易游戏'}]",0,0,209140,"{'1': 6858, '2': 3555, '3': 9584, '4': 11891, '5': 21672}",说整 脱离 卡死 试过 npc 跟着 动 不能 自动 寻路 重进 没用 麻
50500,一梦江湖,"['高自由度', '武侠', 'MMORPG', '高画质', '捏脸', '古风', '角色扮演', '3D', '开放世界', '多人联机']","[{'type': 'developer', 'name': '网易游戏'}]",0,0,209140,"{'1': 6858, '2': 3555, '3': 9584, '4': 11891, '5': 21672}",每天 完成 任务 找 不到 聊天 风景 没 陪伴 风景 觉得 很多 游戏 里 比较 网易 游戏 风景 不错
50500,一梦江湖,"['高自由度', '武侠', 'MMORPG', '高画质', '捏脸', '古风', '角色扮演', '3D', '开放世界', '多人联机']","[{'type': 'developer', 'name': '网易游戏'}]",0,0,209140,"{'1': 6858, '2': 3555, '3': 9584, '4': 11891, '5': 21672}",其实 想 两星 游戏 算 留下 不错 回忆 算 半个 开服 玩家 楚留香 每天 上线 做 任务 认识 一位 师傅 天天 带 副本 强度 党 钱 基本 攒着 退坑 时 银子 大概 两千多 w 元宝 存 二三十 w 为啥 退坑 … … 一是 游戏 越来越 没有 意思 花里胡哨 东西 太 看得人 眼花缭乱 氪 金 玩 下去 知道 四年 前 初中生 玩 暗香 派 记得 千方百计 搞了个 金武 升级 进阶 n 多个 珍稀 材料 （ 原谅 退 坑 已经 两三年 忘得 差不多 … … ） 直接 劝退
50500,一梦江湖,"['高自由度', '武侠', 'MMORPG', '高画质', '捏脸', '古风', '角色扮演', '3D', '开放世界', '多人联机']","[{'type': 'developer', 'name': '网易游戏'}]",0,0,209140,"{'1': 6858, '2': 3555, '3': 9584, '4': 11891, '5': 21672}",战斗 游戏 平民 玩家 战斗 扣掉 不好玩 游戏 想 玩 肝 一肝 行 东西 … … 想 玩 好看 家底 策划 非常 善解人意 知道 平民 玩家 没有 太多 肝 时间 决定 地方 氪 金 根本 做不了 从根本上 制止 游戏 过于 肝 送 福利 非常 逢年过节 送个 仨 瓜俩 枣 打发 玩 没多久 游戏 策划 视 玩家 无物 行为 折服 当即 决定 游戏 送上 一星 好评
50500,一梦江湖,"['高自由度', '武侠', 'MMORPG', '高画质', '捏脸', '古风', '角色扮演', '3D', '开放世界', '多人联机']","[{'type': 'developer', 'name': '网易游戏'}]",0,0,209140,"{'1': 6858, '2': 3555, '3': 9584, '4': 11891, '5': 21672}",玩 游戏 难道 TQDD 世界 S 言 M 语
50500,一梦江湖,"['高自由度', '武侠', 'MMORPG', '高画质', '捏脸', '古风', '角色扮演', '3D', '开放世界', '多人联机']","[{'type': 'developer', 'name': '网易游戏'}]",0,0,209140,"{'1': 6858, '2': 3555, '3': 9584, '4': 11891, '5': 21672}",希望 更新 更加 高画质 每次 看到 感觉 原地不动 越来越 拉 肝 氪 主要 画质 感觉 不行 高画质 自由度 不算 高
50500,一梦江湖,"['高自由度', '武侠', 'MMORPG', '高画质', '捏脸', '古风', '角色扮演', '3D', '开放世界', '多人联机']","[{'type': 'developer', 'name': '网易游戏'}]",0,0,209140,"{'1': 6858, '2': 3555, '3': 9584, '4': 11891, '5': 21672}",说 一直 卡 资源 文件 准备 中 阶段 完全 进不了 游戏 觉得 打不开 关闭 后台 试 好几遍 权限 开 卡住 实在 太 差劲
50500,一梦江湖,"['高自由度', '武侠', 'MMORPG', '高画质', '捏脸', '古风', '角色扮演', '3D', '开放世界', '多人联机']","[{'type': 'developer', 'name': '网易游戏'}]",0,0,209140,"{'1': 6858, '2': 3555, '3': 9584, '4': 11891, '5': 21672}",江湖 里 遇过 鲜衣怒马 喝 醉生梦死 酒 看过 皎然 升起 月 走过 华灯初上 城
50500,一梦江湖,"['高自由度', '武侠', 'MMORPG', '高画质', '捏脸', '古风', '角色扮演', '3D', '开放世界', '多人联机']","[{'type': 'developer', 'name': '网易游戏'}]",0,0,209140,"{'1': 6858, '2': 3555, '3': 9584, '4': 11891, '5': 21672}",男 角色 玩 起来 女 号 玩 太阴 氪 金 随便 玩 麻烦 推荐 一下
175450,梦幻新诛仙,"['MMORPG', '角色扮演', '3D', '多人联机', '唯美', '捏脸', '魔幻', '仙侠', '策略']","[{'type': 'developer', 'name': '完美世界游戏'}]",0,0,3595,"{'1': 1149, '2': 678, '3': 1043, '4': 1216, '5': 2970}",休闲游戏 玩 天 一直 做 主线 副本 欢迎 一周年 区 找 ID : 源三少
175450,梦幻新诛仙,"['MMORPG', '角色扮演', '3D', '多人联机', '唯美', '捏脸', '魔幻', '仙侠', '策略']","[{'type': 'developer', 'name': '完美世界游戏'}]",0,0,3595,"{'1': 1149, '2': 678, '3': 1043, '4': 1216, '5': 2970}",闪退 不想 做 游戏 就别 做 每次
175450,梦幻新诛仙,"['MMORPG', '角色扮演', '3D', '多人联机', '唯美', '捏脸', '魔幻', '仙侠', '策略']","[{'type': 'developer', 'name': '完美世界游戏'}]",0,0,3595,"{'1': 1149, '2': 678, '3': 1043, '4': 1216, '5': 2970}",( 눈 눈 )
175450,梦幻新诛仙,"['MMORPG', '角色扮演', '3D', '多人联机', '唯美', '捏脸', '魔幻', '仙侠', '策略']","[{'type': 'developer', 'name': '完美世界游戏'}]",0,0,3595,"{'1': 1149, '2': 678, '3': 1043, '4': 1216, '5': 2970}",1h1 ' 17 骶 髂 额 67 … — （ 哒 哈好
175450,梦幻新诛仙,"['MMORPG', '角色扮演', '3D', '多人联机', '唯美', '捏脸', '魔幻', '仙侠', '策略']","[{'type': 'developer', 'name': '完美世界游戏'}]",0,0,3595,"{'1': 1149, '2': 678, '3': 1043, '4': 1216, '5': 2970}",第一次 玩 剧情 跳过 玩 几个 小时 任务 没 做 完 果断 卸载 太累 适合 无聊 没事干 玩
175450,梦幻新诛仙,"['MMORPG', '角色扮演', '3D', '多人联机', '唯美', '捏脸', '魔幻', '仙侠', '策略']","[{'type': 'developer', 'name': '完美世界游戏'}]",0,0,3595,"{'1': 1149, '2': 678, '3': 1043, '4': 1216, '5': 2970}",喜爱 捏 脸 像是 养 一个 娃 捏 不好 成就 满满 游戏 职业 门派 齐全 游戏 特效 画质 打击 感 强 可玩性 很棒 比起 梦幻 西游 大话 3D 画面 市面上 很多 休闲 回合制 游戏 好玩 融合 战场 地形 高低 差 地形 差灯 一套 全新 概念
175450,梦幻新诛仙,"['MMORPG', '角色扮演', '3D', '多人联机', '唯美', '捏脸', '魔幻', '仙侠', '策略']","[{'type': 'developer', 'name': '完美世界游戏'}]",0,0,3595,"{'1': 1149, '2': 678, '3': 1043, '4': 1216, '5': 2970}",一名 资深 回合制 游戏 玩家 实话实说 梦幻 新 诛 仙 非常 好玩 画质 非常 精美 技能 特效 很炫酷 开头 剧情 非常 吸引 平时 没 啥事 跑跑 任务 忙 挂机 自动 怪 挺 休闲 一款 游戏 moba 游戏 赢 赢 输输 玩 几把 特别 累 生气 回合制 养成 游戏 挺 一分耕耘 一分收获 每天 慢慢 提升 等级 战斗力 有钱 小充 一下 不想 充钱 慢慢 肝 刚刚 换 两只 神兽 挺爽
175450,梦幻新诛仙,"['MMORPG', '角色扮演', '3D', '多人联机', '唯美', '捏脸', '魔幻', '仙侠', '策略']","[{'type': 'developer', 'name': '完美世界游戏'}]",0,0,3595,"{'1': 1149, '2': 678, '3': 1043, '4': 1216, '5': 2970}",将近 40 万 银币 东西 ... 平时 做 一条 需要 天 时间 活动 真的 良心 鬼道 YYDS 真的 帅     特别 面具 巨帅 今天 10 点 开服 进     昨天晚上 角色 建好       做 三卡 玩家 玩 下去
175450,梦幻新诛仙,"['MMORPG', '角色扮演', '3D', '多人联机', '唯美', '捏脸', '魔幻', '仙侠', '策略']","[{'type': 'developer', 'name': '完美世界游戏'}]",0,0,3595,"{'1': 1149, '2': 678, '3': 1043, '4': 1216, '5': 2970}",新梦 诛 真的 玩 良心 游戏 国内 很少 认真 做 游戏 团队 特别 喜欢 积极 玩家 沟通 提 意见 会 后续 优化 里 看见 实现 超级 参与感 回合制 游戏 玩 进去 特别 有意思 策略性 高 欲罢不能 今天 出新 门派 祝新梦 诛 越来越
175450,梦幻新诛仙,"['MMORPG', '角色扮演', '3D', '多人联机', '唯美', '捏脸', '魔幻', '仙侠', '策略']","[{'type': 'developer', 'name': '完美世界游戏'}]",0,0,3595,"{'1': 1149, '2': 678, '3': 1043, '4': 1216, '5': 2970}",说 国产 游戏 一定 绕不开 仙侠 题材 作品 仙侠 奇侠传 轩辕剑 仙侠 题材 游戏 说 陪伴 很多 玩家 童年 青春 如今 很多 玩家 觉得 国产 仙侠 作品 剩下 一份 情怀 梦幻 新 诛 仙 上线 无疑 证明 时至今日 仙侠 作品 国产 游戏 中 国内 玩家 心中 占据 相当 重要 地位 其实 不难看出 仙侠 题材 永远 不会 过时 想要 打造出 让玩家 喜爱 仙侠 作品 不止 情怀 与时俱进 梦幻 新 诛 仙 便是 一款 兼顾 情怀 创新 作品
91974,天谕,"['捏脸', 'MMORPG', '高画质', '3D', '角色扮演', '高自由度', '开放世界', '东方幻想', '多人联机']","[{'type': 'developer', 'name': '网易游戏'}]",0,0,10210,"{'1': 2035, '2': 1529, '3': 2954, '4': 3430, '5': 9980}",挺不错 ( * ๓ ´ ╰ ╯ ` ๓ ) ♡
91974,天谕,"['捏脸', 'MMORPG', '高画质', '3D', '角色扮演', '高自由度', '开放世界', '东方幻想', '多人联机']","[{'type': 'developer', 'name': '网易游戏'}]",0,0,10210,"{'1': 2035, '2': 1529, '3': 2954, '4': 3430, '5': 9980}",画质 清晰 结婚 系统 爱 爱 姐妹
91974,天谕,"['捏脸', 'MMORPG', '高画质', '3D', '角色扮演', '高自由度', '开放世界', '东方幻想', '多人联机']","[{'type': 'developer', 'name': '网易游戏'}]",0,0,10210,"{'1': 2035, '2': 1529, '3': 2954, '4': 3430, '5': 9980}",
91974,天谕,"['捏脸', 'MMORPG', '高画质', '3D', '角色扮演', '高自由度', '开放世界', '东方幻想', '多人联机']","[{'type': 'developer', 'name': '网易游戏'}]",0,0,10210,"{'1': 2035, '2': 1529, '3': 2954, '4': 3430, '5': 9980}",请问 是从 山海经 一页 翻到
91974,天谕,"['捏脸', 'MMORPG', '高画质', '3D', '角色扮演', '高自由度', '开放世界', '东方幻想', '多人联机']","[{'type': 'developer', 'name': '网易游戏'}]",0,0,10210,"{'1': 2035, '2': 1529, '3': 2954, '4': 3430, '5': 9980}",中途 a 太久 舍不得 女儿 现在 只能 天天 风景 根本 追不上 进度 打本 没人 一个 任务 组了 几个 月 队 最好 成绩 组 三个 最近 新出 牧羽 这种 战力 不高 回归 简直 折磨 组队 挂机 血条 消失 还好 玲珑 半奶 划水 没 蓝 哭 死
91974,天谕,"['捏脸', 'MMORPG', '高画质', '3D', '角色扮演', '高自由度', '开放世界', '东方幻想', '多人联机']","[{'type': 'developer', 'name': '网易游戏'}]",0,0,10210,"{'1': 2035, '2': 1529, '3': 2954, '4': 3430, '5': 9980}",孤狼 可不 兴玩
91974,天谕,"['捏脸', 'MMORPG', '高画质', '3D', '角色扮演', '高自由度', '开放世界', '东方幻想', '多人联机']","[{'type': 'developer', 'name': '网易游戏'}]",0,0,10210,"{'1': 2035, '2': 1529, '3': 2954, '4': 3430, '5': 9980}",以手游 一个 休闲 玩家 角度 画面 一级 棒 音乐 二级 棒 （ 剧情 独唱 感觉 流行 曲风 挺 别扭 宏观 世界观 ） 故事 不会 惊艳 有意思 游玩 多样性 一级 棒 捏 脸 一级 棒 氪 金 玩 上头 开心 喜欢 做 冒险 （ 支线 ） 任务 支线 任务 剧情 拍照 收集 音轨 真的 开放 世界 感觉 地图 比较 受限 空间 很多 完全 了解 一个 地方 接完 支线 任务 下个 地方 … 一定 一定 出点 新 地方 全都 玩过 肯定 玩 不动 玩 三四天 已经 55 级 感觉 好玩 真的 会 画面 美到 细节 真的 挺 看得出来 用心 主打 画面 不够 周到 建模 cg 已经 做 希望 东西 越做越 说 一下 摄影 功能 真的 更加 优化 一定 只能 平视 和平 怼 主角 脸 两个 角度 角度 选择 之外 设 聚焦 功能 特效 光影 顺便 技能 好看 真的 cg 主线 外 手感 画面 移动 很大 上升 空间 真的 很大   很多 功能 等级 解锁 这点 确实 挺迷 想 对象 打个 牌 号 27 级 不了 牌 打牌 功能 没 重要 穿模 人物 做不了 动作 情况 经常出现 优化 一下 bug 好多 流光 职业 真的 刮痧 没什么 适合 这种 休闲 玩家 比较 高等级 需求 地方 浪 至少 不会 小心 打死 副本 活动 好自为之 进去 躺 逼 氪 问题 感觉 很大 … … 不在乎 战力 想 提升 等级 走 剧情 后面 剧情 升 两个 等级 挺 免费 服装 挺 好看 倒不如说 很多 氪 金 服装 活动 咋样 没有 那种 世俗 欲望 氪 玩家 好事 重 氪 玩家 可能 反正 代入 一下 愿意 给钱 最后   一个 问题 空气 墙 额 谢谢 天谕 感受 小鸟 看不到 玻璃 撞 飞 感觉 听 一句 劝 不要 空气 墙 堵 莫名其妙 地方 整体 游戏 宏伟 世界观 实际 成品 （ 音乐 建模 场景 大小 （ 设计 ） 剧情 逻辑 ） 卡 下不来 尴尬 情况 设计 比较 没什么 大碍 总 感觉 有点 不对头 有点 晕 世界观 不够 同步 手游里 天谕 建模 数一数二
91974,天谕,"['捏脸', 'MMORPG', '高画质', '3D', '角色扮演', '高自由度', '开放世界', '东方幻想', '多人联机']","[{'type': 'developer', 'name': '网易游戏'}]",0,0,10210,"{'1': 2035, '2': 1529, '3': 2954, '4': 3430, '5': 9980}",玩 捏 脸
91974,天谕,"['捏脸', 'MMORPG', '高画质', '3D', '角色扮演', '高自由度', '开放世界', '东方幻想', '多人联机']","[{'type': 'developer', 'name': '网易游戏'}]",0,0,10210,"{'1': 2035, '2': 1529, '3': 2954, '4': 3430, '5': 9980}",安装 不了
91974,天谕,"['捏脸', 'MMORPG', '高画质', '3D', '角色扮演', '高自由度', '开放世界', '东方幻想', '多人联机']","[{'type': 'developer', 'name': '网易游戏'}]",0,0,10210,"{'1': 2035, '2': 1529, '3': 2954, '4': 3430, '5': 9980}",玩法 阴间
192675,幻塔,"['开放世界', '高自由度', '高画质', '角色扮演', '二次元', 'ARPG', '冒险', '动作', '多人联机', 'MMORPG', '支持手柄', '美少女']","[{'type': 'developer', 'name': 'Hotta Studio'}]",0,0,5173,"{'1': 30605, '2': 11217, '3': 9362, '4': 6377, '5': 22626}",马上 到奈美 西斯 池 先 打个 五星 好评 准备 很多 抽 许愿 出奈美 西斯 出 五星 评分 改 没 出 直接 永远 一星
192675,幻塔,"['开放世界', '高自由度', '高画质', '角色扮演', '二次元', 'ARPG', '冒险', '动作', '多人联机', 'MMORPG', '支持手柄', '美少女']","[{'type': 'developer', 'name': 'Hotta Studio'}]",0,0,5173,"{'1': 30605, '2': 11217, '3': 9362, '4': 6377, '5': 22626}",
192675,幻塔,"['开放世界', '高自由度', '高画质', '角色扮演', '二次元', 'ARPG', '冒险', '动作', '多人联机', 'MMORPG', '支持手柄', '美少女']","[{'type': 'developer', 'name': 'Hotta Studio'}]",0,0,5173,"{'1': 30605, '2': 11217, '3': 9362, '4': 6377, '5': 22626}",评论 区 群魔乱舞 其实 国内 手游 没能 跳出 国外 厂子 老路 捏
192675,幻塔,"['开放世界', '高自由度', '高画质', '角色扮演', '二次元', 'ARPG', '冒险', '动作', '多人联机', 'MMORPG', '支持手柄', '美少女']","[{'type': 'developer', 'name': 'Hotta Studio'}]",0,0,5173,"{'1': 30605, '2': 11217, '3': 9362, '4': 6377, '5': 22626}",谢邀 玩 没 小时 战斗 手感 感人 帧 数 劝退 寻思 游戏 没 特别 会 卡
192675,幻塔,"['开放世界', '高自由度', '高画质', '角色扮演', '二次元', 'ARPG', '冒险', '动作', '多人联机', 'MMORPG', '支持手柄', '美少女']","[{'type': 'developer', 'name': 'Hotta Studio'}]",0,0,5173,"{'1': 30605, '2': 11217, '3': 9362, '4': 6377, '5': 22626}","幻塔云 游戏 ! 他来 ! 手机 配置 太低 太差 玩 不了 幻塔 幻塔云 游戏 ! 下载 一个 [ 870 游戏 ］ app 里面 有云 幻塔 两个 建议 玩 官服 !   每天 三个 小时 免费 周末 周日 排队 时间 不用 更 玩 幻塔 拯救 职责 更 玩 幻塔 ! 知道 幻塔牛 逼 之处 , 之多 ! ! !"
192675,幻塔,"['开放世界', '高自由度', '高画质', '角色扮演', '二次元', 'ARPG', '冒险', '动作', '多人联机', 'MMORPG', '支持手柄', '美少女']","[{'type': 'developer', 'name': 'Hotta Studio'}]",0,0,5173,"{'1': 30605, '2': 11217, '3': 9362, '4': 6377, '5': 22626}",不好玩 抄 原神
192675,幻塔,"['开放世界', '高自由度', '高画质', '角色扮演', '二次元', 'ARPG', '冒险', '动作', '多人联机', 'MMORPG', '支持手柄', '美少女']","[{'type': 'developer', 'name': 'Hotta Studio'}]",0,0,5173,"{'1': 30605, '2': 11217, '3': 9362, '4': 6377, '5': 22626}",塞尔达 异父 异 母亲 兄弟
192675,幻塔,"['开放世界', '高自由度', '高画质', '角色扮演', '二次元', 'ARPG', '冒险', '动作', '多人联机', 'MMORPG', '支持手柄', '美少女']","[{'type': 'developer', 'name': 'Hotta Studio'}]",0,0,5173,"{'1': 30605, '2': 11217, '3': 9362, '4': 6377, '5': 22626}",想 说 有人 能带 带萌 新
192675,幻塔,"['开放世界', '高自由度', '高画质', '角色扮演', '二次元', 'ARPG', '冒险', '动作', '多人联机', 'MMORPG', '支持手柄', '美少女']","[{'type': 'developer', 'name': 'Hotta Studio'}]",0,0,5173,"{'1': 30605, '2': 11217, '3': 9362, '4': 6377, '5': 22626}",没理由 恶心
192675,幻塔,"['开放世界', '高自由度', '高画质', '角色扮演', '二次元', 'ARPG', '冒险', '动作', '多人联机', 'MMORPG', '支持手柄', '美少女']","[{'type': 'developer', 'name': 'Hotta Studio'}]",0,0,5173,"{'1': 30605, '2': 11217, '3': 9362, '4': 6377, '5': 22626}",
59520,明日之后,"['生存', '多人联机', '末日', '丧尸', '开放世界', '建造', '经营', '沙盒', '3D', '冒险', '探索', '动作', '战斗', '末日生存', '团队合作', '模拟']","[{'type': 'developer', 'name': '网易游戏'}]",0,0,156263,"{'1': 121908, '2': 14973, '3': 19816, '4': 17041, '5': 60637}",太肝
59520,明日之后,"['生存', '多人联机', '末日', '丧尸', '开放世界', '建造', '经营', '沙盒', '3D', '冒险', '探索', '动作', '战斗', '末日生存', '团队合作', '模拟']","[{'type': 'developer', 'name': '网易游戏'}]",0,0,156263,"{'1': 121908, '2': 14973, '3': 19816, '4': 17041, '5': 60637}",内容 实在 很久没 玩 回归 准备 做 一个 休闲 玩家
59520,明日之后,"['生存', '多人联机', '末日', '丧尸', '开放世界', '建造', '经营', '沙盒', '3D', '冒险', '探索', '动作', '战斗', '末日生存', '团队合作', '模拟']","[{'type': 'developer', 'name': '网易游戏'}]",0,0,156263,"{'1': 121908, '2': 14973, '3': 19816, '4': 17041, '5': 60637}",时长 很长 已经 退游 一年 打算 偶尔 上线 看看 白 嫖 几个 衣服
59520,明日之后,"['生存', '多人联机', '末日', '丧尸', '开放世界', '建造', '经营', '沙盒', '3D', '冒险', '探索', '动作', '战斗', '末日生存', '团队合作', '模拟']","[{'type': 'developer', 'name': '网易游戏'}]",0,0,156263,"{'1': 121908, '2': 14973, '3': 19816, '4': 17041, '5': 60637}",很棒
59520,明日之后,"['生存', '多人联机', '末日', '丧尸', '开放世界', '建造', '经营', '沙盒', '3D', '冒险', '探索', '动作', '战斗', '末日生存', '团队合作', '模拟']","[{'type': 'developer', 'name': '网易游戏'}]",0,0,156263,"{'1': 121908, '2': 14973, '3': 19816, '4': 17041, '5': 60637}",改变 很大 活动 有点 氪 金 活动 少 一点 估计 人会 回流 更
59520,明日之后,"['生存', '多人联机', '末日', '丧尸', '开放世界', '建造', '经营', '沙盒', '3D', '冒险', '探索', '动作', '战斗', '末日生存', '团队合作', '模拟']","[{'type': 'developer', 'name': '网易游戏'}]",0,0,156263,"{'1': 121908, '2': 14973, '3': 19816, '4': 17041, '5': 60637}",真的 肝
59520,明日之后,"['生存', '多人联机', '末日', '丧尸', '开放世界', '建造', '经营', '沙盒', '3D', '冒险', '探索', '动作', '战斗', '末日生存', '团队合作', '模拟']","[{'type': 'developer', 'name': '网易游戏'}]",0,0,156263,"{'1': 121908, '2': 14973, '3': 19816, '4': 17041, '5': 60637}",游戏 好玩 不能 改个 微信 QQ 登陆 之前 电脑 模拟器 玩 现在 没 网吧 玩
59520,明日之后,"['生存', '多人联机', '末日', '丧尸', '开放世界', '建造', '经营', '沙盒', '3D', '冒险', '探索', '动作', '战斗', '末日生存', '团队合作', '模拟']","[{'type': 'developer', 'name': '网易游戏'}]",0,0,156263,"{'1': 121908, '2': 14973, '3': 19816, '4': 17041, '5': 60637}",耶
59520,明日之后,"['生存', '多人联机', '末日', '丧尸', '开放世界', '建造', '经营', '沙盒', '3D', '冒险', '探索', '动作', '战斗', '末日生存', '团队合作', '模拟']","[{'type': 'developer', 'name': '网易游戏'}]",0,0,156263,"{'1': 121908, '2': 14973, '3': 19816, '4': 17041, '5': 60637}",不错
59520,明日之后,"['生存', '多人联机', '末日', '丧尸', '开放世界', '建造', '经营', '沙盒', '3D', '冒险', '探索', '动作', '战斗', '末日生存', '团队合作', '模拟']","[{'type': 'developer', 'name': '网易游戏'}]",0,0,156263,"{'1': 121908, '2': 14973, '3': 19816, '4': 17041, '5': 60637}",不错
